Ensemble;;;;;;Hommes;;;;;;Femmes;;;;;
0 à 19 ans;20 à 39 ans;40 à 59 ans;60 à 74 ans;75 ans et plus;Total;0 à 19 ans;20 à 39 ans;40 à 59 ans;60 à 74 ans;75 ans et plus;Total;0 à 19 ans;20 à 39 ans;40 à 59 ans;60 à 74 ans;75 ans et plus;Total
173 034;156 038;184 123;111 711;63 720;688 626;89 086;78 442;91 452;53 872;26 977;339 829;83 948;77 596;92 671;57 839;36 743;348 797
123 458;112 227;130 715;97 558;54 859;518 817;63 558;57 042;65 021;46 312;21 914;253 847;59 900;55 185;65 694;51 246;32 945;264 970
65 881;62 661;82 386;71 959;49 712;332 599;34 080;32 202;40 590;33 987;19 888;160 747;31 801;30 459;41 796;37 972;29 824;171 852
34 183;31 414;43 188;36 750;24 271;169 806;17 514;15 932;21 006;17 643;10 254;82 349;16 669;15 482;22 182;19 107;14 017;87 457
27 276;27 328;36 512;31 010;19 880;142 006;14 134;13 991;18 133;14 890;8 247;69 395;13 142;13 337;18 379;16 120;11 633;72 611
230 054;245 408;290 439;207 632;156 417;1 129 950;118 599;119 655;139 686;95 410;61 954;535 304;111 455;125 753;150 753;112 222;94 463;594 646
71 405;62 858;87 124;71 174;44 386;336 947;36 648;31 672;43 123;34 459;18 810;164 712;34 757;31 186;44 001;36 715;25 576;172 235
59 273;55 338;66 609;52 538;29 436;263 194;30 665;28 573;32 883;25 327;11 971;129 419;28 608;26 765;33 726;27 211;17 465;133 775
31 007;30 260;40 045;34 242;21 233;156 787;15 843;15 699;19 508;16 568;9 028;76 646;15 164;14 561;20 537;17 674;12 205;80 141
73 474;68 854;76 707;56 139;35 756;310 930;38 321;35 327;37 740;26 303;14 491;152 182;35 153;33 527;38 967;29 836;21 265;158 748
76 165;71 821;96 631;81 744;53 368;379 729;39 281;36 112;46 642;38 659;22 454;183 148;36 884;35 709;49 989;43 085;30 914;196 581
54 285;52 563;71 082;60 164;40 261;278 355;27 908;27 901;35 778;29 723;16 686;137 996;26 377;24 662;35 304;30 441;23 575;140 359
465 832;504 395;530 571;352 446;236 981;2 090 225;239 144;246 855;256 910;163 180;95 584;1 001 673;226 688;257 540;273 661;189 266;141 397;1 088 552
157 649;163 264;173 930;133 911;82 275;711 029;81 011;82 016;85 240;62 184;32 365;342 816;76 638;81 248;88 690;71 727;49 910;368 213
26 059;25 943;36 821;33 587;21 336;143 746;13 403;13 514;18 537;16 668;8 801;70 923;12 656;12 429;18 284;16 919;12 535;72 823
70 171;70 240;88 575;74 539;46 684;350 209;36 610;36 264;43 798;35 357;19 045;171 074;33 561;33 976;44 777;39 182;27 639;179 135
128 878;127 985;170 140;153 129;101 534;681 666;66 284;65 351;82 312;71 129;42 322;327 398;62 594;62 634;87 828;82 000;59 212;354 268
62 080;58 649;72 990;61 713;40 398;295 830;32 417;30 177;36 003;29 159;16 485;144 241;29 663;28 472;36 987;32 554;23 913;151 589
45 386;46 250;59 731;52 240;35 876;239 483;23 825;24 348;29 841;25 019;14 544;117 577;21 561;21 902;29 890;27 221;21 332;121 906
35 975;35 843;46 264;33 215;21 422;172 719;18 163;17 062;22 842;15 904;9 053;83 024;17 812;18 781;23 422;17 311;12 369;89 695
35 104;41 646;49 875;36 970;23 848;187 443;18 016;20 797;24 271;17 880;10 349;91 313;17 088;20 849;25 604;19 090;13 499;96 130
116 381;134 337;131 954;94 769;61 358;538 799;59 871;67 516;65 067;44 411;25 026;261 891;56 510;66 821;66 887;50 358;36 332;276 908
130 695;114 224;153 901;132 549;83 932;615 301;67 277;58 229;75 883;62 939;33 895;298 223;63 418;55 995;78 018;69 610;50 037;317 078
20 297;19 368;28 051;28 025;18 362;114 103;10 405;10 119;14 148;13 660;7 510;55 842;9 892;9 249;13 903;14 365;10 852;58 261
76 380;72 562;105 107;100 192;63 473;417 714;39 541;36 645;50 868;48 065;26 501;201 620;36 839;35 917;54 239;52 127;36 972;216 094
131 078;133 523;137 482;90 901;57 862;550 846;67 187;67 503;68 606;42 571;24 174;270 041;63 891;66 020;68 876;48 330;33 688;280 805
120 142;110 947;134 167;97 790;61 363;524 409;62 200;55 830;65 386;46 511;24 980;254 907;57 942;55 117;68 781;51 279;36 383;269 502
146 715;128 853;157 133;109 098;60 143;601 942;75 306;65 425;77 559;51 557;24 302;294 149;71 409;63 428;79 574;57 541;35 841;307 793
105 171;90 247;113 838;77 719;46 173;433 148;54 558;45 284;56 381;36 806;18 975;212 004;50 613;44 963;57 457;40 913;27 198;221 144
196 132;196 864;238 260;189 163;115 819;936 238;100 993;101 253;118 925;90 780;45 006;456 957;95 139;95 611;119 335;98 383;70 813;479 281
170 447;157 460;197 573;154 841;95 673;775 994;88 517;78 834;95 403;73 427;39 518;375 699;81 930;78 626;102 170;81 414;56 155;400 295
346 324;428 492;380 935;217 677;132 963;1 506 391;176 241;215 110;188 836;102 828;53 482;736 497;170 083;213 382;192 099;114 849;79 481;769 894
37 464;33 413;50 064;43 574;28 538;193 053;19 462;16 935;24 332;21 297;12 164;94 190;18 002;16 478;25 732;22 277;16 374;98 863
378 981;438 766;449 341;277 150;174 416;1 718 654;191 686;215 989;219 522;127 495;69 901;824 593;187 295;222 777;229 819;149 655;104 515;894 061
271 903;306 174;307 361;219 502;147 964;1 252 904;138 793;148 460;148 236;100 818;60 866;597 173;133 110;157 714;159 125;118 684;87 098;655 731
272 684;292 261;286 866;174 579;108 501;1 134 891;139 219;146 213;143 456;82 597;43 516;555 001;133 465;146 048;143 410;91 982;64 985;579 890
41 393;38 911;53 029;47 663;32 362;213 358;21 332;19 571;26 139;22 911;13 211;103 164;20 061;19 340;26 890;24 752;19 151;110 194
137 532;145 701;153 533;109 975;73 945;620 686;70 041;71 792;75 033;51 444;30 151;298 461;67 491;73 909;78 500;58 531;43 794;322 225
314 748;314 092;336 751;214 167;129 049;1 308 807;161 275;159 562;166 646;102 217;53 700;643 400;153 473;154 530;170 105;111 950;75 349;665 407
55 176;52 046;66 384;50 696;32 675;256 977;28 443;26 752;32 883;24 541;13 590;126 209;26 733;25 294;33 501;26 155;19 085;130 768
87 271;82 600;117 551;94 137;59 204;440 763;44 989;41 730;57 842;44 869;24 600;214 030;42 282;40 870;59 709;49 268;34 604;226 733
70 115;63 803;82 922;66 254;44 357;327 451;36 272;32 143;40 984;31 239;18 436;159 074;33 843;31 660;41 938;35 015;25 921;168 377
183 235;171 271;191 250;135 450;95 384;776 590;94 622;86 016;95 158;63 643;38 474;377 913;88 613;85 255;96 092;71 807;56 910;398 677
48 454;44 124;58 588;47 547;29 246;227 959;25 259;22 733;29 270;23 321;11 920;112 503;23 195;21 391;29 318;24 226;17 326;115 456
358 983;380 434;387 246;237 526;146 724;1 510 913;184 833;193 156;192 424;110 918;58 085;739 416;174 150;187 278;194 822;126 608;88 639;771 497
167 776;157 116;174 064;118 123;73 927;691 006;86 762;79 422;85 267;55 851;30 482;337 784;81 014;77 694;88 797;62 272;43 445;353 222
31 101;29 577;43 697;43 342;28 715;176 432;16 155;15 116;21 338;20 865;12 306;85 780;14 946;14 461;22 359;22 477;16 409;90 652
69 227;63 789;82 026;69 564;47 766;332 372;35 694;31 838;40 124;32 993;20 072;160 721;33 533;31 951;41 902;36 571;27 694;171 651
15 446;14 380;19 721;16 473;10 432;76 452;7 949;7 483;10 031;8 290;4 526;38 279;7 497;6 897;9 690;8 183;5 906;38 173
202 747;195 077;207 776;140 144;89 620;835 364;103 541;97 179;103 151;66 442;35 750;406 063;99 206;97 898;104 625;73 702;53 870;429 301
103 240;98 795;123 039;104 609;66 516;496 199;53 324;50 962;61 307;50 704;26 620;242 917;49 916;47 833;61 732;53 905;39 896;253 282
127 013;136 481;138 700;97 206;59 343;558 743;64 390;67 853;68 366;44 844;23 540;268 993;62 623;68 628;70 334;52 362;35 803;289 750
33 811;34 446;40 449;35 533;22 808;167 047;17 406;18 316;20 309;17 105;9 342;82 478;16 405;16 130;20 140;18 428;13 466;84 569
71 121;63 274;76 183;56 117;36 550;303 245;36 581;32 846;38 444;27 304;14 936;150 111;34 540;30 428;37 739;28 813;21 614;153 134
164 435;183 940;182 107;125 283;73 593;729 358;84 593;92 324;90 214;58 487;29 070;354 688;79 842;91 616;91 893;66 796;44 523;374 670
37 564;35 638;44 795;37 499;21 528;177 024;19 594;18 850;22 371;18 362;8 861;88 038;17 970;16 788;22 424;19 137;12 667;88 986
163 199;151 599;200 447;170 203;104 017;789 465;84 825;78 122;98 696;80 186;42 277;384 106;78 374;73 477;101 751;90 017;61 740;405 359
227 311;246 664;274 118;198 091;104 771;1 050 955;116 785;125 964;136 610;93 268;42 177;514 804;110 526;120 700;137 508;104 823;62 594;536 151
37 583;36 174;48 150;46 514;31 245;199 666;19 193;18 500;23 869;22 216;12 502;96 280;18 390;17 674;24 281;24 298;18 743;103 386
645 003;670 131;650 965;416 987;232 419;2 615 505;330 131;331 729;320 842;192 111;88 336;1 263 149;314 872;338 402;330 123;224 876;144 083;1 352 356
211 617;191 164;219 338;135 049;72 415;829 583;108 333;95 425;108 981;64 289;29 790;406 818;103 284;95 739;110 357;70 760;42 625;422 765
56 741;51 341;66 630;58 764;38 420;271 896;29 784;26 463;33 137;28 438;15 455;133 277;26 957;24 878;33 493;30 326;22 965;138 619
351 220;328 003;368 986;262 192;139 905;1 450 306;180 672;164 435;183 181;122 917;52 951;704 156;170 548;163 568;185 805;139 275;86 954;746 150
143 335;156 095;167 488;120 089;77 061;664 068;72 965;78 756;83 531;56 423;30 967;322 642;70 370;77 339;83 957;63 666;46 094;341 426
141 545;149 949;185 399;141 985;94 604;713 482;73 631;74 917;90 188;66 571;37 311;342 618;67 914;75 032;95 211;75 414;57 293;370 864
44 637;46 351;58 720;49 548;33 292;232 548;23 357;23 825;28 622;23 399;13 558;112 761;21 280;22 526;30 098;26 149;19 734;119 787
106 097;97 304;125 716;104 471;70 278;503 866;54 628;47 763;59 921;48 838;28 815;239 965;51 469;49 541;65 795;55 633;41 463;263 901
256 557;297 073;301 384;203 386;110 269;1 168 669;130 995;147 022;148 178;97 045;45 699;568 939;125 562;150 051;153 206;106 341;64 570;599 730
166 570;170 245;204 645;144 080;80 287;765 827;86 230;86 650;101 488;69 402;33 414;377 184;80 340;83 595;103 157;74 678;46 873;388 643
465 079;545 417;473 314;265 929;182 859;1 932 598;237 323;267 053;232 300;123 394;73 258;933 328;227 756;278 364;241 014;142 535;109 601;999 270
50 049;45 028;60 666;47 879;28 310;231 932;25 994;23 007;30 398;23 078;11 877;114 354;24 055;22 021;30 268;24 801;16 433;117 578
112 486;103 907;137 086;115 256;76 575;545 310;58 604;53 474;67 920;55 358;31 101;266 457;53 882;50 433;69 166;59 898;45 474;278 853
130 560;121 451;141 211;105 017;65 921;564 160;67 390;61 174;70 210;50 000;26 943;275 717;63 170;60 277;71 001;55 017;38 978;288 443
99 745;102 320;119 213;81 970;49 911;453 159;51 704;52 415;59 511;39 135;20 198;222 963;48 041;49 905;59 702;42 835;29 713;230 196
206 421;216 760;238 425;131 821;77 161;870 588;106 438;109 482;118 863;62 468;31 792;429 043;99 983;107 278;119 562;69 353;45 369;441 545
353 562;699 920;501 185;295 785;198 020;2 048 472;177 269;328 995;245 357;134 193;77 932;963 746;176 293;370 925;255 828;161 592;120 088;1 084 726
294 570;301 554;307 636;222 535;133 951;1 260 246;150 689;150 738;150 322;102 604;52 617;606 970;143 881;150 816;157 314;119 931;81 334;653 276
390 328;374 698;389 200;213 261;112 128;1 479 615;199 843;183 806;190 235;100 894;46 464;721 242;190 485;190 892;198 965;112 367;65 664;758 373
384 309;361 772;399 198;213 190;130 894;1 489 363;197 536;179 812;196 419;98 849;54 104;726 720;186 773;181 960;202 779;114 341;76 790;762 643
81 437;74 751;97 670;73 680;46 777;374 315;42 144;38 987;48 513;35 598;19 466;184 708;39 293;35 764;49 157;38 082;27 311;189 607
127 421;132 977;140 028;100 635;58 661;559 722;65 119;66 624;69 430;47 402;23 407;271 982;62 302;66 353;70 598;53 233;35 254;287 740
83 345;77 719;102 443;81 020;56 756;401 283;42 918;39 441;49 928;38 600;23 602;194 489;40 427;38 278;52 515;42 420;33 154;206 794
62 612;53 510;70 386;49 882;31 403;267 793;32 054;27 142;34 744;23 925;13 267;131 132;30 558;26 368;35 642;25 957;18 136;136 661
223 995;228 554;284 680;231 756;166 932;1 135 917;116 399;114 985;138 666;107 764;69 344;547 158;107 596;113 569;146 014;123 992;97 588;588 759
128 377;119 288;145 569;109 268;71 181;573 683;66 192;58 899;70 527;50 595;29 324;275 537;62 185;60 389;75 042;58 673;41 857;298 146
153 747;138 094;183 622;152 408;95 166;723 037;79 910;70 969;91 810;72 496;40 179;355 364;73 837;67 125;91 812;79 912;54 987;367 673
97 913;101 089;107 306;79 898;50 945;437 151;50 064;50 573;52 446;38 252;21 046;212 381;47 849;50 516;54 860;41 646;29 899;224 770
75 863;80 383;91 522;73 640;49 889;371 297;38 737;39 960;44 835;34 547;20 086;178 165;37 126;40 423;46 687;39 093;29 803;193 132
72 173;69 966;89 605;75 276;45 284;352 304;37 386;36 251;44 607;36 072;18 128;172 444;34 787;33 715;44 998;39 204;27 156;179 860
72 190;63 430;85 304;67 864;42 343;331 131;37 115;32 594;42 522;32 351;17 303;161 885;35 075;30 836;42 782;35 513;25 040;169 246
32 515;32 109;35 431;24 049;14 315;138 419;17 047;17 032;17 757;11 146;5 837;68 819;15 468;15 077;17 674;12 903;8 478;69 600
353 331;350 215;345 124;186 412;108 445;1 343 527;181 764;176 081;170 572;88 716;44 024;661 157;171 567;174 134;174 552;97 696;64 421;682 370
383 237;475 705;445 642;222 338;137 052;1 663 974;195 892;232 175;214 357;99 470;53 704;795 598;187 345;243 530;231 285;122 868;83 348;868 376
465 965;491 963;434 652;217 756;101 540;1 711 876;240 134;244 900;217 032;104 243;44 109;850 418;225 831;247 063;217 620;113 513;57 431;861 458
341 250;406 382;365 920;198 356;114 525;1 426 433;173 798;198 415;178 145;92 222;44 941;687 521;167 452;207 967;187 775;106 134;69 584;738 912
352 532;337 570;331 714;176 212;89 561;1 287 589;181 791;165 365;162 874;81 539;37 155;628 724;170 741;172 205;168 840;94 673;52 406;658 865
15 034 238;15 712 596;16 882 040;11 563 660;7 159 425;66 351 959;7 721 604;7 843 841;8 308 769;5 441 759;2 903 170;32 219 143;7 312 634;7 868 755;8 573 271;6 121 901;4 256 255;34 132 816
83 373;70 921;102 118;83 206;40 769;380 387;42 964;31 508;43 721;38 837;16 847;173 877;40 409;39 413;58 397;44 369;23 922;206 510
72 161;65 830;94 373;82 513;40 582;355 459;36 890;29 032;41 470;37 691;16 701;161 784;35 271;36 798;52 903;44 822;23 881;193 675
116 013;77 825;65 357;25 301;7 858;292 354;58 631;35 562;31 074;12 534;3 457;141 258;57 382;42 263;34 283;12 767;4 401;151 096
251 287;203 538;239 316;146 347;55 687;896 175;127 220;93 448;112 401;69 907;23 230;426 206;124 067;110 090;126 915;76 440;32 457;469 969
176 995;87 586;50 515;11 201;2 985;329 282;87 525;36 786;25 362;5 851;1 419;156 943;89 470;50 800;25 153;5 350;1 566;172 339
699 829;505 700;551 679;348 568;147 881;2 253 657;353 230;226 336;254 028;164 820;61 654;1 060 068;346 599;279 364;297 651;183 748;86 227;1 193 589
15 734 067;16 218 296;17 433 719;11 912 228;7 307 306;68 605 616;8 074 834;8 070 177;8 562 797;5 606 579;2 964 824;33 279 211;7 659 233;8 148 119;8 870 922;6 305 649;4 342 482;35 326 405
